200	Multivariable Calculus	Thirupathi Gudi	Tuesday, Thursday	11:00 - 12:30
212	Algebra I	Abhishek Banerjee	Tuesday, Thursday	3:30  -  5:00
213	Representation Theory	Pooja Singla	Tuesday, Thursday	2:00  -  3:30
219	Linear Algebra	Soumya Das	Monday, Wednesday, Friday	11:00 - 12:00
221	Analysis I	Apoorva Khare	Tuesday, Thursday	2:00  -  3:30
223	Functional Analysis	Tirthankar Bhattacharya	Monday, Wednesday, Friday	11:00 - 12:00
231	Topology	Harish Seshadri	Monday, Wednesday, Friday	12:00 -  1:00
232	Intro to Algebraic Topology	Subhojoy Gupta	Tuesday, Thursday	3:30  -  5:00
242	PDE	S. Thangavelu	Monday, Wednesday, Friday	10:00 - 11:00
261 Probablity Models Manjunath Krishnapur  Monday, Wednesday, Friday 1:00 - 2:00
338	Differentiable Manifolds and Lie Groups	Vamsi Pingali	Monday, Wednesday, Friday	2:00  -  3:00
361	Probability Theory	Srikanth K. Iyer	Tuesday, Thursday	11:00 - 12:30
369 Random Matrix Theory  Manjunath Krishnapur  Tuesday, Thursday 1:30 - 3:00
